,raceId,year,round,circuitId,name,date,time,url
0,1,2009,1,1,Australian Grand Prix,2009-03-29,06:00:00,http://en.wikipedia.org/wiki/2009_Australian_Grand_Prix
1,2,2009,2,2,Malaysian Grand Prix,2009-04-05,09:00:00,http://en.wikipedia.org/wiki/2009_Malaysian_Grand_Prix
2,3,2009,3,17,Chinese Grand Prix,2009-04-19,07:00:00,http://en.wikipedia.org/wiki/2009_Chinese_Grand_Prix
3,4,2009,4,3,Bahrain Grand Prix,2009-04-26,12:00:00,http://en.wikipedia.org/wiki/2009_Bahrain_Grand_Prix
4,5,2009,5,4,Spanish Grand Prix,2009-05-10,12:00:00,http://en.wikipedia.org/wiki/2009_Spanish_Grand_Prix
5,6,2009,6,6,Monaco Grand Prix,2009-05-24,12:00:00,http://en.wikipedia.org/wiki/2009_Monaco_Grand_Prix
6,7,2009,7,5,Turkish Grand Prix,2009-06-07,12:00:00,http://en.wikipedia.org/wiki/2009_Turkish_Grand_Prix
7,8,2009,8,9,British Grand Prix,2009-06-21,12:00:00,http://en.wikipedia.org/wiki/2009_British_Grand_Prix
8,9,2009,9,20,German Grand Prix,2009-07-12,12:00:00,http://en.wikipedia.org/wiki/2009_German_Grand_Prix
9,10,2009,10,11,Hungarian Grand Prix,2009-07-26,12:00:00,http://en.wikipedia.org/wiki/2009_Hungarian_Grand_Prix
10,11,2009,11,12,European Grand Prix,2009-08-23,12:00:00,http://en.wikipedia.org/wiki/2009_European_Grand_Prix
11,12,2009,12,13,Belgian Grand Prix,2009-08-30,12:00:00,http://en.wikipedia.org/wiki/2009_Belgian_Grand_Prix
12,13,2009,13,14,Italian Grand Prix,2009-09-13,12:00:00,http://en.wikipedia.org/wiki/2009_Italian_Grand_Prix
13,14,2009,14,15,Singapore Grand Prix,2009-09-27,12:00:00,http://en.wikipedia.org/wiki/2009_Singapore_Grand_Prix
14,15,2009,15,22,Japanese Grand Prix,2009-10-04,05:00:00,http://en.wikipedia.org/wiki/2009_Japanese_Grand_Prix
15,16,2009,16,18,Brazilian Grand Prix,2009-10-18,16:00:00,http://en.wikipedia.org/wiki/2009_Brazilian_Grand_Prix
16,17,2009,17,24,Abu Dhabi Grand Prix,2009-11-01,11:00:00,http://en.wikipedia.org/wiki/2009_Abu_Dhabi_Grand_Prix
17,18,2008,1,1,Australian Grand Prix,2008-03-16,04:30:00,http://en.wikipedia.org/wiki/2008_Australian_Grand_Prix
18,19,2008,2,2,Malaysian Grand Prix,2008-03-23,07:00:00,http://en.wikipedia.org/wiki/2008_Malaysian_Grand_Prix
19,20,2008,3,3,Bahrain Grand Prix,2008-04-06,11:30:00,http://en.wikipedia.org/wiki/2008_Bahrain_Grand_Prix
20,21,2008,4,4,Spanish Grand Prix,2008-04-27,12:00:00,http://en.wikipedia.org/wiki/2008_Spanish_Grand_Prix
21,22,2008,5,5,Turkish Grand Prix,2008-05-11,12:00:00,http://en.wikipedia.org/wiki/2008_Turkish_Grand_Prix
22,23,2008,6,6,Monaco Grand Prix,2008-05-25,12:00:00,http://en.wikipedia.org/wiki/2008_Monaco_Grand_Prix
23,24,2008,7,7,Canadian Grand Prix,2008-06-08,17:00:00,http://en.wikipedia.org/wiki/2008_Canadian_Grand_Prix
24,25,2008,8,8,French Grand Prix,2008-06-22,12:00:00,http://en.wikipedia.org/wiki/2008_French_Grand_Prix
25,26,2008,9,9,British Grand Prix,2008-07-06,12:00:00,http://en.wikipedia.org/wiki/2008_British_Grand_Prix
26,27,2008,10,10,German Grand Prix,2008-07-20,12:00:00,http://en.wikipedia.org/wiki/2008_German_Grand_Prix
27,28,2008,11,11,Hungarian Grand Prix,2008-08-03,12:00:00,http://en.wikipedia.org/wiki/2008_Hungarian_Grand_Prix
28,29,2008,12,12,European Grand Prix,2008-08-24,12:00:00,http://en.wikipedia.org/wiki/2008_European_Grand_Prix
29,30,2008,13,13,Belgian Grand Prix,2008-09-07,12:00:00,http://en.wikipedia.org/wiki/2008_Belgian_Grand_Prix
30,31,2008,14,14,Italian Grand Prix,2008-09-14,12:00:00,http://en.wikipedia.org/wiki/2008_Italian_Grand_Prix
31,32,2008,15,15,Singapore Grand Prix,2008-09-28,12:00:00,http://en.wikipedia.org/wiki/2008_Singapore_Grand_Prix
32,33,2008,16,16,Japanese Grand Prix,2008-10-12,04:30:00,http://en.wikipedia.org/wiki/2008_Japanese_Grand_Prix
33,34,2008,17,17,Chinese Grand Prix,2008-10-19,07:00:00,http://en.wikipedia.org/wiki/2008_Chinese_Grand_Prix
34,35,2008,18,18,Brazilian Grand Prix,2008-11-02,17:00:00,http://en.wikipedia.org/wiki/2008_Brazilian_Grand_Prix
35,36,2007,1,1,Australian Grand Prix,2007-03-18,03:00:00,http://en.wikipedia.org/wiki/2007_Australian_Grand_Prix
36,37,2007,2,2,Malaysian Grand Prix,2007-04-08,07:00:00,http://en.wikipedia.org/wiki/2007_Malaysian_Grand_Prix
37,38,2007,3,3,Bahrain Grand Prix,2007-04-15,11:30:00,http://en.wikipedia.org/wiki/2007_Bahrain_Grand_Prix
38,39,2007,4,4,Spanish Grand Prix,2007-05-13,12:00:00,http://en.wikipedia.org/wiki/2007_Spanish_Grand_Prix
39,40,2007,5,6,Monaco Grand Prix,2007-05-27,12:00:00,http://en.wikipedia.org/wiki/2007_Monaco_Grand_Prix
40,41,2007,6,7,Canadian Grand Prix,2007-06-10,17:00:00,http://en.wikipedia.org/wiki/2007_Canadian_Grand_Prix
41,42,2007,7,19,United States Grand Prix,2007-06-17,17:00:00,http://en.wikipedia.org/wiki/2007_United_States_Grand_Prix
42,43,2007,8,8,French Grand Prix,2007-07-01,12:00:00,http://en.wikipedia.org/wiki/2007_French_Grand_Prix
43,44,2007,9,9,British Grand Prix,2007-07-08,12:00:00,http://en.wikipedia.org/wiki/2007_British_Grand_Prix
44,45,2007,10,20,European Grand Prix,2007-07-22,12:00:00,http://en.wikipedia.org/wiki/2007_European_Grand_Prix
45,46,2007,11,11,Hungarian Grand Prix,2007-08-05,12:00:00,http://en.wikipedia.org/wiki/2007_Hungarian_Grand_Prix
46,47,2007,12,5,Turkish Grand Prix,2007-08-26,12:00:00,http://en.wikipedia.org/wiki/2007_Turkish_Grand_Prix
47,48,2007,13,14,Italian Grand Prix,2007-09-09,12:00:00,http://en.wikipedia.org/wiki/2007_Italian_Grand_Prix
48,49,2007,14,13,Belgian Grand Prix,2007-09-16,12:00:00,http://en.wikipedia.org/wiki/2007_Belgian_Grand_Prix
49,50,2007,15,16,Japanese Grand Prix,2007-09-30,04:30:00,http://en.wikipedia.org/wiki/2007_Japanese_Grand_Prix
50,51,2007,16,17,Chinese Grand Prix,2007-10-07,06:00:00,http://en.wikipedia.org/wiki/2007_Chinese_Grand_Prix
51,52,2007,17,18,Brazilian Grand Prix,2007-10-21,16:00:00,http://en.wikipedia.org/wiki/2007_Brazilian_Grand_Prix
52,53,2006,1,3,Bahrain Grand Prix,2006-03-12,14:30:00,http://en.wikipedia.org/wiki/2006_Bahrain_Grand_Prix
53,54,2006,2,2,Malaysian Grand Prix,2006-03-19,15:00:00,http://en.wikipedia.org/wiki/2006_Malaysian_Grand_Prix
54,55,2006,3,1,Australian Grand Prix,2006-04-02,14:00:00,http://en.wikipedia.org/wiki/2006_Australian_Grand_Prix
55,56,2006,4,21,San Marino Grand Prix,2006-04-23,14:00:00,http://en.wikipedia.org/wiki/2006_San_Marino_Grand_Prix
56,57,2006,5,20,European Grand Prix,2006-05-07,14:00:00,http://en.wikipedia.org/wiki/2006_European_Grand_Prix
57,58,2006,6,4,Spanish Grand Prix,2006-05-14,14:00:00,http://en.wikipedia.org/wiki/2006_Spanish_Grand_Prix
58,59,2006,7,6,Monaco Grand Prix,2006-05-28,14:00:00,http://en.wikipedia.org/wiki/2006_Monaco_Grand_Prix
59,60,2006,8,9,British Grand Prix,2006-06-11,12:00:00,http://en.wikipedia.org/wiki/2006_British_Grand_Prix
60,61,2006,9,7,Canadian Grand Prix,2006-06-25,13:00:00,http://en.wikipedia.org/wiki/2006_Canadian_Grand_Prix
61,62,2006,10,19,United States Grand Prix,2006-07-02,14:00:00,http://en.wikipedia.org/wiki/2006_United_States_Grand_Prix
62,63,2006,11,8,French Grand Prix,2006-07-16,14:00:00,http://en.wikipedia.org/wiki/2006_French_Grand_Prix
63,64,2006,12,10,German Grand Prix,2006-07-30,14:00:00,http://en.wikipedia.org/wiki/2006_German_Grand_Prix
64,65,2006,13,11,Hungarian Grand Prix,2006-08-06,14:00:00,http://en.wikipedia.org/wiki/2006_Hungarian_Grand_Prix
65,66,2006,14,5,Turkish Grand Prix,2006-08-27,15:00:00,http://en.wikipedia.org/wiki/2006_Turkish_Grand_Prix
66,67,2006,15,14,Italian Grand Prix,2006-09-10,14:00:00,http://en.wikipedia.org/wiki/2006_Italian_Grand_Prix
67,68,2006,16,17,Chinese Grand Prix,2006-10-01,14:00:00,http://en.wikipedia.org/wiki/2006_Chinese_Grand_Prix
68,69,2006,17,22,Japanese Grand Prix,2006-10-08,14:00:00,http://en.wikipedia.org/wiki/2006_Japanese_Grand_Prix
69,70,2006,18,18,Brazilian Grand Prix,2006-10-22,14:00:00,http://en.wikipedia.org/wiki/2006_Brazilian_Grand_Prix
70,71,2005,1,1,Australian Grand Prix,2005-03-06,14:00:00,http://en.wikipedia.org/wiki/2005_Australian_Grand_Prix
71,72,2005,2,2,Malaysian Grand Prix,2005-03-20,15:00:00,http://en.wikipedia.org/wiki/2005_Malaysian_Grand_Prix
72,73,2005,3,3,Bahrain Grand Prix,2005-04-03,14:30:00,http://en.wikipedia.org/wiki/2005_Bahrain_Grand_Prix
73,74,2005,4,21,San Marino Grand Prix,2005-04-24,14:00:00,http://en.wikipedia.org/wiki/2005_San_Marino_Grand_Prix
74,75,2005,5,4,Spanish Grand Prix,2005-05-08,14:00:00,http://en.wikipedia.org/wiki/2005_Spanish_Grand_Prix
75,76,2005,6,6,Monaco Grand Prix,2005-05-22,14:00:00,http://en.wikipedia.org/wiki/2005_Monaco_Grand_Prix
76,77,2005,7,20,European Grand Prix,2005-05-29,14:00:00,http://en.wikipedia.org/wiki/2005_European_Grand_Prix
77,78,2005,8,7,Canadian Grand Prix,2005-06-12,13:00:00,http://en.wikipedia.org/wiki/2005_Canadian_Grand_Prix
78,79,2005,9,19,United States Grand Prix,2005-06-19,14:00:00,http://en.wikipedia.org/wiki/2005_United_States_Grand_Prix
79,80,2005,10,8,French Grand Prix,2005-07-03,14:00:00,http://en.wikipedia.org/wiki/2005_French_Grand_Prix
80,81,2005,11,9,British Grand Prix,2005-07-10,14:00:00,http://en.wikipedia.org/wiki/2005_British_Grand_Prix
81,82,2005,12,10,German Grand Prix,2005-07-24,14:00:00,http://en.wikipedia.org/wiki/2005_German_Grand_Prix
82,83,2005,13,11,Hungarian Grand Prix,2005-07-31,14:00:00,http://en.wikipedia.org/wiki/2005_Hungarian_Grand_Prix
83,84,2005,14,5,Turkish Grand Prix,2005-08-21,15:00:00,http://en.wikipedia.org/wiki/2005_Turkish_Grand_Prix
84,85,2005,15,14,Italian Grand Prix,2005-09-04,14:00:00,http://en.wikipedia.org/wiki/2005_Italian_Grand_Prix
85,86,2005,16,13,Belgian Grand Prix,2005-09-11,14:00:00,http://en.wikipedia.org/wiki/2005_Belgian_Grand_Prix
86,87,2005,17,18,Brazilian Grand Prix,2005-09-25,14:00:00,http://en.wikipedia.org/wiki/2005_Brazilian_Grand_Prix
87,88,2005,18,22,Japanese Grand Prix,2005-10-09,14:00:00,http://en.wikipedia.org/wiki/2005_Japanese_Grand_Prix
88,89,2005,19,17,Chinese Grand Prix,2005-10-16,14:00:00,http://en.wikipedia.org/wiki/2005_Chinese_Grand_Prix
89,90,2004,1,1,Australian Grand Prix,2004-03-07,\N,http://en.wikipedia.org/wiki/2004_Australian_Grand_Prix
90,91,2004,2,2,Malaysian Grand Prix,2004-03-21,\N,http://en.wikipedia.org/wiki/2004_Malaysian_Grand_Prix
91,92,2004,3,3,Bahrain Grand Prix,2004-04-04,\N,http://en.wikipedia.org/wiki/2004_Bahrain_Grand_Prix
92,93,2004,4,21,San Marino Grand Prix,2004-04-25,\N,http://en.wikipedia.org/wiki/2004_San_Marino_Grand_Prix
93,94,2004,5,4,Spanish Grand Prix,2004-05-09,\N,http://en.wikipedia.org/wiki/2004_Spanish_Grand_Prix
94,95,2004,6,6,Monaco Grand Prix,2004-05-23,\N,http://en.wikipedia.org/wiki/2004_Monaco_Grand_Prix
95,96,2004,7,20,European Grand Prix,2004-05-30,\N,http://en.wikipedia.org/wiki/2004_European_Grand_Prix
96,97,2004,8,7,Canadian Grand Prix,2004-06-13,\N,http://en.wikipedia.org/wiki/2004_Canadian_Grand_Prix
97,98,2004,9,19,United States Grand Prix,2004-06-20,\N,http://en.wikipedia.org/wiki/2004_United_States_Grand_Prix
98,99,2004,10,8,French Grand Prix,2004-07-04,\N,http://en.wikipedia.org/wiki/2004_French_Grand_Prix
99,100,2004,11,9,British Grand Prix,2004-07-11,\N,http://en.wikipedia.org/wiki/2004_British_Grand_Prix
100,101,2004,12,10,German Grand Prix,2004-07-25,\N,http://en.wikipedia.org/wiki/2004_German_Grand_Prix
101,102,2004,13,11,Hungarian Grand Prix,2004-08-15,\N,http://en.wikipedia.org/wiki/2004_Hungarian_Grand_Prix
102,103,2004,14,13,Belgian Grand Prix,2004-08-29,\N,http://en.wikipedia.org/wiki/2004_Belgian_Grand_Prix
103,104,2004,15,14,Italian Grand Prix,2004-09-12,\N,http://en.wikipedia.org/wiki/2004_Italian_Grand_Prix
104,105,2004,16,17,Chinese Grand Prix,2004-09-26,\N,http://en.wikipedia.org/wiki/2004_Chinese_Grand_Prix
105,106,2004,17,22,Japanese Grand Prix,2004-10-10,\N,http://en.wikipedia.org/wiki/2004_Japanese_Grand_Prix
106,107,2004,18,18,Brazilian Grand Prix,2004-10-24,\N,http://en.wikipedia.org/wiki/2004_Brazilian_Grand_Prix
107,108,2003,1,1,Australian Grand Prix,2003-03-09,\N,http://en.wikipedia.org/wiki/2003_Australian_Grand_Prix
108,109,2003,2,2,Malaysian Grand Prix,2003-03-23,\N,http://en.wikipedia.org/wiki/2003_Malaysian_Grand_Prix
109,110,2003,3,18,Brazilian Grand Prix,2003-04-06,\N,http://en.wikipedia.org/wiki/2003_Brazilian_Grand_Prix
110,111,2003,4,21,San Marino Grand Prix,2003-04-20,\N,http://en.wikipedia.org/wiki/2003_San_Marino_Grand_Prix
111,112,2003,5,4,Spanish Grand Prix,2003-05-04,\N,http://en.wikipedia.org/wiki/2003_Spanish_Grand_Prix
112,113,2003,6,23,Austrian Grand Prix,2003-05-18,\N,http://en.wikipedia.org/wiki/2003_Austrian_Grand_Prix
113,114,2003,7,6,Monaco Grand Prix,2003-06-01,\N,http://en.wikipedia.org/wiki/2003_Monaco_Grand_Prix
114,115,2003,8,7,Canadian Grand Prix,2003-06-15,\N,http://en.wikipedia.org/wiki/2003_Canadian_Grand_Prix
115,116,2003,9,20,European Grand Prix,2003-06-29,\N,http://en.wikipedia.org/wiki/2003_European_Grand_Prix
116,117,2003,10,8,French Grand Prix,2003-07-06,\N,http://en.wikipedia.org/wiki/2003_French_Grand_Prix
117,118,2003,11,9,British Grand Prix,2003-07-20,\N,http://en.wikipedia.org/wiki/2003_British_Grand_Prix
118,119,2003,12,10,German Grand Prix,2003-08-03,\N,http://en.wikipedia.org/wiki/2003_German_Grand_Prix
119,120,2003,13,11,Hungarian Grand Prix,2003-08-24,\N,http://en.wikipedia.org/wiki/2003_Hungarian_Grand_Prix
120,121,2003,14,14,Italian Grand Prix,2003-09-14,\N,http://en.wikipedia.org/wiki/2003_Italian_Grand_Prix
121,122,2003,15,19,United States Grand Prix,2003-09-28,\N,http://en.wikipedia.org/wiki/2003_United_States_Grand_Prix
122,123,2003,16,22,Japanese Grand Prix,2003-10-12,\N,http://en.wikipedia.org/wiki/2003_Japanese_Grand_Prix
123,124,2002,1,1,Australian Grand Prix,2002-03-03,\N,http://en.wikipedia.org/wiki/2002_Australian_Grand_Prix
124,125,2002,2,2,Malaysian Grand Prix,2002-03-17,\N,http://en.wikipedia.org/wiki/2002_Malaysian_Grand_Prix
125,126,2002,3,18,Brazilian Grand Prix,2002-03-31,\N,http://en.wikipedia.org/wiki/2002_Brazilian_Grand_Prix
126,127,2002,4,21,San Marino Grand Prix,2002-04-14,\N,http://en.wikipedia.org/wiki/2002_San_Marino_Grand_Prix
127,128,2002,5,4,Spanish Grand Prix,2002-04-28,\N,http://en.wikipedia.org/wiki/2002_Spanish_Grand_Prix
128,129,2002,6,23,Austrian Grand Prix,2002-05-12,\N,http://en.wikipedia.org/wiki/2002_Austrian_Grand_Prix
129,130,2002,7,6,Monaco Grand Prix,2002-05-26,\N,http://en.wikipedia.org/wiki/2002_Monaco_Grand_Prix
130,131,2002,8,7,Canadian Grand Prix,2002-06-09,\N,http://en.wikipedia.org/wiki/2002_Canadian_Grand_Prix
131,132,2002,9,20,European Grand Prix,2002-06-23,\N,http://en.wikipedia.org/wiki/2002_European_Grand_Prix
132,133,2002,10,9,British Grand Prix,2002-07-07,\N,http://en.wikipedia.org/wiki/2002_British_Grand_Prix
133,134,2002,11,8,French Grand Prix,2002-07-21,\N,http://en.wikipedia.org/wiki/2002_French_Grand_Prix
134,135,2002,12,10,German Grand Prix,2002-07-28,\N,http://en.wikipedia.org/wiki/2002_German_Grand_Prix
135,136,2002,13,11,Hungarian Grand Prix,2002-08-18,\N,http://en.wikipedia.org/wiki/2002_Hungarian_Grand_Prix
136,137,2002,14,13,Belgian Grand Prix,2002-09-01,\N,http://en.wikipedia.org/wiki/2002_Belgian_Grand_Prix
137,138,2002,15,14,Italian Grand Prix,2002-09-15,\N,http://en.wikipedia.org/wiki/2002_Italian_Grand_Prix
138,139,2002,16,19,United States Grand Prix,2002-09-29,\N,http://en.wikipedia.org/wiki/2002_United_States_Grand_Prix
139,140,2002,17,22,Japanese Grand Prix,2002-10-13,\N,http://en.wikipedia.org/wiki/2002_Japanese_Grand_Prix
140,141,2001,1,1,Australian Grand Prix,2001-03-04,\N,http://en.wikipedia.org/wiki/2001_Australian_Grand_Prix
141,142,2001,2,2,Malaysian Grand Prix,2001-03-18,\N,http://en.wikipedia.org/wiki/2001_Malaysian_Grand_Prix
142,143,2001,3,18,Brazilian Grand Prix,2001-04-01,\N,http://en.wikipedia.org/wiki/2001_Brazilian_Grand_Prix
143,144,2001,4,21,San Marino Grand Prix,2001-04-15,\N,http://en.wikipedia.org/wiki/2001_San_Marino_Grand_Prix
144,145,2001,5,4,Spanish Grand Prix,2001-04-29,\N,http://en.wikipedia.org/wiki/2001_Spanish_Grand_Prix
145,146,2001,6,23,Austrian Grand Prix,2001-05-13,\N,http://en.wikipedia.org/wiki/2001_Austrian_Grand_Prix
146,147,2001,7,6,Monaco Grand Prix,2001-05-27,\N,http://en.wikipedia.org/wiki/2001_Monaco_Grand_Prix
147,148,2001,8,7,Canadian Grand Prix,2001-06-10,\N,http://en.wikipedia.org/wiki/2001_Canadian_Grand_Prix
148,149,2001,9,20,European Grand Prix,2001-06-24,\N,http://en.wikipedia.org/wiki/2001_European_Grand_Prix
149,150,2001,10,8,French Grand Prix,2001-07-01,\N,http://en.wikipedia.org/wiki/2001_French_Grand_Prix
150,151,2001,11,9,British Grand Prix,2001-07-15,\N,http://en.wikipedia.org/wiki/2001_British_Grand_Prix
151,152,2001,12,10,German Grand Prix,2001-07-29,\N,http://en.wikipedia.org/wiki/2001_German_Grand_Prix
152,153,2001,13,11,Hungarian Grand Prix,2001-08-19,\N,http://en.wikipedia.org/wiki/2001_Hungarian_Grand_Prix
153,154,2001,14,13,Belgian Grand Prix,2001-09-02,\N,http://en.wikipedia.org/wiki/2001_Belgian_Grand_Prix
154,155,2001,15,14,Italian Grand Prix,2001-09-16,\N,http://en.wikipedia.org/wiki/2001_Italian_Grand_Prix
155,156,2001,16,19,United States Grand Prix,2001-09-30,\N,http://en.wikipedia.org/wiki/2001_United_States_Grand_Prix
156,157,2001,17,22,Japanese Grand Prix,2001-10-14,\N,http://en.wikipedia.org/wiki/2001_Japanese_Grand_Prix
157,158,2000,1,1,Australian Grand Prix,2000-03-12,\N,http://en.wikipedia.org/wiki/2000_Australian_Grand_Prix
158,159,2000,2,18,Brazilian Grand Prix,2000-03-26,\N,http://en.wikipedia.org/wiki/2000_Brazilian_Grand_Prix
159,160,2000,3,21,San Marino Grand Prix,2000-04-09,\N,http://en.wikipedia.org/wiki/2000_San_Marino_Grand_Prix
160,161,2000,4,9,British Grand Prix,2000-04-23,\N,http://en.wikipedia.org/wiki/2000_British_Grand_Prix
161,162,2000,5,4,Spanish Grand Prix,2000-05-07,\N,http://en.wikipedia.org/wiki/2000_Spanish_Grand_Prix
162,163,2000,6,20,European Grand Prix,2000-05-21,\N,http://en.wikipedia.org/wiki/2000_European_Grand_Prix
163,164,2000,7,6,Monaco Grand Prix,2000-06-04,\N,http://en.wikipedia.org/wiki/2000_Monaco_Grand_Prix
164,165,2000,8,7,Canadian Grand Prix,2000-06-18,\N,http://en.wikipedia.org/wiki/2000_Canadian_Grand_Prix
165,166,2000,9,8,French Grand Prix,2000-07-02,\N,http://en.wikipedia.org/wiki/2000_French_Grand_Prix
166,167,2000,10,23,Austrian Grand Prix,2000-07-16,\N,http://en.wikipedia.org/wiki/2000_Austrian_Grand_Prix
167,168,2000,11,10,German Grand Prix,2000-07-30,\N,http://en.wikipedia.org/wiki/2000_German_Grand_Prix
168,169,2000,12,11,Hungarian Grand Prix,2000-08-13,\N,http://en.wikipedia.org/wiki/2000_Hungarian_Grand_Prix
169,170,2000,13,13,Belgian Grand Prix,2000-08-27,\N,http://en.wikipedia.org/wiki/2000_Belgian_Grand_Prix
170,171,2000,14,14,Italian Grand Prix,2000-09-10,\N,http://en.wikipedia.org/wiki/2000_Italian_Grand_Prix
171,172,2000,15,19,United States Grand Prix,2000-09-24,\N,http://en.wikipedia.org/wiki/2000_United_States_Grand_Prix
172,173,2000,16,22,Japanese Grand Prix,2000-10-08,\N,http://en.wikipedia.org/wiki/2000_Japanese_Grand_Prix
173,174,2000,17,2,Malaysian Grand Prix,2000-10-22,\N,http://en.wikipedia.org/wiki/2000_Malaysian_Grand_Prix
174,175,1999,1,1,Australian Grand Prix,1999-03-07,\N,http://en.wikipedia.org/wiki/1999_Australian_Grand_Prix
175,176,1999,2,18,Brazilian Grand Prix,1999-04-11,\N,http://en.wikipedia.org/wiki/1999_Brazilian_Grand_Prix
176,177,1999,3,21,San Marino Grand Prix,1999-05-02,\N,http://en.wikipedia.org/wiki/1999_San_Marino_Grand_Prix
177,178,1999,4,6,Monaco Grand Prix,1999-05-16,\N,http://en.wikipedia.org/wiki/1999_Monaco_Grand_Prix
178,179,1999,5,4,Spanish Grand Prix,1999-05-30,\N,http://en.wikipedia.org/wiki/1999_Spanish_Grand_Prix
179,180,1999,6,7,Canadian Grand Prix,1999-06-13,\N,http://en.wikipedia.org/wiki/1999_Canadian_Grand_Prix
180,181,1999,7,8,French Grand Prix,1999-06-27,\N,http://en.wikipedia.org/wiki/1999_French_Grand_Prix
181,182,1999,8,9,British Grand Prix,1999-07-11,\N,http://en.wikipedia.org/wiki/1999_British_Grand_Prix
182,183,1999,9,23,Austrian Grand Prix,1999-07-25,\N,http://en.wikipedia.org/wiki/1999_Austrian_Grand_Prix
183,184,1999,10,10,German Grand Prix,1999-08-01,\N,http://en.wikipedia.org/wiki/1999_German_Grand_Prix
184,185,1999,11,11,Hungarian Grand Prix,1999-08-15,\N,http://en.wikipedia.org/wiki/1999_Hungarian_Grand_Prix
185,186,1999,12,13,Belgian Grand Prix,1999-08-29,\N,http://en.wikipedia.org/wiki/1999_Belgian_Grand_Prix
186,187,1999,13,14,Italian Grand Prix,1999-09-12,\N,http://en.wikipedia.org/wiki/1999_Italian_Grand_Prix
187,188,1999,14,20,European Grand Prix,1999-09-26,\N,http://en.wikipedia.org/wiki/1999_European_Grand_Prix
188,189,1999,15,2,Malaysian Grand Prix,1999-10-17,\N,http://en.wikipedia.org/wiki/1999_Malaysian_Grand_Prix
189,190,1999,16,22,Japanese Grand Prix,1999-10-31,\N,http://en.wikipedia.org/wiki/1999_Japanese_Grand_Prix
190,191,1998,1,1,Australian Grand Prix,1998-03-08,\N,http://en.wikipedia.org/wiki/1998_Australian_Grand_Prix
191,192,1998,2,18,Brazilian Grand Prix,1998-03-29,\N,http://en.wikipedia.org/wiki/1998_Brazilian_Grand_Prix
192,193,1998,3,25,Argentine Grand Prix,1998-04-12,\N,http://en.wikipedia.org/wiki/1998_Argentine_Grand_Prix
193,194,1998,4,21,San Marino Grand Prix,1998-04-26,\N,http://en.wikipedia.org/wiki/1998_San_Marino_Grand_Prix
194,195,1998,5,4,Spanish Grand Prix,1998-05-10,\N,http://en.wikipedia.org/wiki/1998_Spanish_Grand_Prix
195,196,1998,6,6,Monaco Grand Prix,1998-05-24,\N,http://en.wikipedia.org/wiki/1998_Monaco_Grand_Prix
196,197,1998,7,7,Canadian Grand Prix,1998-06-07,\N,http://en.wikipedia.org/wiki/1998_Canadian_Grand_Prix
197,198,1998,8,8,French Grand Prix,1998-06-28,\N,http://en.wikipedia.org/wiki/1998_French_Grand_Prix
198,199,1998,9,9,British Grand Prix,1998-07-12,\N,http://en.wikipedia.org/wiki/1998_British_Grand_Prix
199,200,1998,10,23,Austrian Grand Prix,1998-07-26,\N,http://en.wikipedia.org/wiki/1998_Austrian_Grand_Prix
200,201,1998,11,10,German Grand Prix,1998-08-02,\N,http://en.wikipedia.org/wiki/1998_German_Grand_Prix
201,202,1998,12,11,Hungarian Grand Prix,1998-08-16,\N,http://en.wikipedia.org/wiki/1998_Hungarian_Grand_Prix
202,203,1998,13,13,Belgian Grand Prix,1998-08-30,\N,http://en.wikipedia.org/wiki/1998_Belgian_Grand_Prix
203,204,1998,14,14,Italian Grand Prix,1998-09-13,\N,http://en.wikipedia.org/wiki/1998_Italian_Grand_Prix
204,205,1998,15,20,Luxembourg Grand Prix,1998-09-27,\N,http://en.wikipedia.org/wiki/1998_Luxembourg_Grand_Prix
205,206,1998,16,22,Japanese Grand Prix,1998-11-01,\N,http://en.wikipedia.org/wiki/1998_Japanese_Grand_Prix
206,207,1997,1,1,Australian Grand Prix,1997-03-09,\N,http://en.wikipedia.org/wiki/1997_Australian_Grand_Prix
207,208,1997,2,18,Brazilian Grand Prix,1997-03-30,\N,http://en.wikipedia.org/wiki/1997_Brazilian_Grand_Prix
208,209,1997,3,25,Argentine Grand Prix,1997-04-13,\N,http://en.wikipedia.org/wiki/1997_Argentine_Grand_Prix
209,210,1997,4,21,San Marino Grand Prix,1997-04-27,\N,http://en.wikipedia.org/wiki/1997_San_Marino_Grand_Prix
210,211,1997,5,6,Monaco Grand Prix,1997-05-11,\N,http://en.wikipedia.org/wiki/1997_Monaco_Grand_Prix
211,212,1997,6,4,Spanish Grand Prix,1997-05-25,\N,http://en.wikipedia.org/wiki/1997_Spanish_Grand_Prix
212,213,1997,7,7,Canadian Grand Prix,1997-06-15,\N,http://en.wikipedia.org/wiki/1997_Canadian_Grand_Prix
213,214,1997,8,8,French Grand Prix,1997-06-29,\N,http://en.wikipedia.org/wiki/1997_French_Grand_Prix
214,215,1997,9,9,British Grand Prix,1997-07-13,\N,http://en.wikipedia.org/wiki/1997_British_Grand_Prix
215,216,1997,10,10,German Grand Prix,1997-07-27,\N,http://en.wikipedia.org/wiki/1997_German_Grand_Prix
216,217,1997,11,11,Hungarian Grand Prix,1997-08-10,\N,http://en.wikipedia.org/wiki/1997_Hungarian_Grand_Prix
217,218,1997,12,13,Belgian Grand Prix,1997-08-24,\N,http://en.wikipedia.org/wiki/1997_Belgian_Grand_Prix
218,219,1997,13,14,Italian Grand Prix,1997-09-07,\N,http://en.wikipedia.org/wiki/1997_Italian_Grand_Prix
219,220,1997,14,23,Austrian Grand Prix,1997-09-21,\N,http://en.wikipedia.org/wiki/1997_Austrian_Grand_Prix
220,221,1997,15,20,Luxembourg Grand Prix,1997-09-28,\N,http://en.wikipedia.org/wiki/1997_Luxembourg_Grand_Prix
221,222,1997,16,22,Japanese Grand Prix,1997-10-12,\N,http://en.wikipedia.org/wiki/1997_Japanese_Grand_Prix
222,223,1997,17,26,European Grand Prix,1997-10-26,\N,http://en.wikipedia.org/wiki/1997_European_Grand_Prix
223,224,1996,1,1,Australian Grand Prix,1996-03-10,\N,http://en.wikipedia.org/wiki/1996_Australian_Grand_Prix
224,225,1996,2,18,Brazilian Grand Prix,1996-03-31,\N,http://en.wikipedia.org/wiki/1996_Brazilian_Grand_Prix
225,226,1996,3,25,Argentine Grand Prix,1996-04-07,\N,http://en.wikipedia.org/wiki/1996_Argentine_Grand_Prix
226,227,1996,4,20,European Grand Prix,1996-04-28,\N,http://en.wikipedia.org/wiki/1996_European_Grand_Prix
227,228,1996,5,21,San Marino Grand Prix,1996-05-05,\N,http://en.wikipedia.org/wiki/1996_San_Marino_Grand_Prix
228,229,1996,6,6,Monaco Grand Prix,1996-05-19,\N,http://en.wikipedia.org/wiki/1996_Monaco_Grand_Prix
229,230,1996,7,4,Spanish Grand Prix,1996-06-02,\N,http://en.wikipedia.org/wiki/1996_Spanish_Grand_Prix
230,231,1996,8,7,Canadian Grand Prix,1996-06-16,\N,http://en.wikipedia.org/wiki/1996_Canadian_Grand_Prix
231,232,1996,9,8,French Grand Prix,1996-06-30,\N,http://en.wikipedia.org/wiki/1996_French_Grand_Prix
232,233,1996,10,9,British Grand Prix,1996-07-14,\N,http://en.wikipedia.org/wiki/1996_British_Grand_Prix
233,234,1996,11,10,German Grand Prix,1996-07-28,\N,http://en.wikipedia.org/wiki/1996_German_Grand_Prix
234,235,1996,12,11,Hungarian Grand Prix,1996-08-11,\N,http://en.wikipedia.org/wiki/1996_Hungarian_Grand_Prix
235,236,1996,13,13,Belgian Grand Prix,1996-08-25,\N,http://en.wikipedia.org/wiki/1996_Belgian_Grand_Prix
236,237,1996,14,14,Italian Grand Prix,1996-09-08,\N,http://en.wikipedia.org/wiki/1996_Italian_Grand_Prix
237,238,1996,15,27,Portuguese Grand Prix,1996-09-22,\N,http://en.wikipedia.org/wiki/1996_Portuguese_Grand_Prix
238,239,1996,16,22,Japanese Grand Prix,1996-10-13,\N,http://en.wikipedia.org/wiki/1996_Japanese_Grand_Prix
239,240,1995,1,18,Brazilian Grand Prix,1995-03-26,\N,http://en.wikipedia.org/wiki/1995_Brazilian_Grand_Prix
240,241,1995,2,25,Argentine Grand Prix,1995-04-09,\N,http://en.wikipedia.org/wiki/1995_Argentine_Grand_Prix
241,242,1995,3,21,San Marino Grand Prix,1995-04-30,\N,http://en.wikipedia.org/wiki/1995_San_Marino_Grand_Prix
242,243,1995,4,4,Spanish Grand Prix,1995-05-14,\N,http://en.wikipedia.org/wiki/1995_Spanish_Grand_Prix
243,244,1995,5,6,Monaco Grand Prix,1995-05-28,\N,http://en.wikipedia.org/wiki/1995_Monaco_Grand_Prix
244,245,1995,6,7,Canadian Grand Prix,1995-06-11,\N,http://en.wikipedia.org/wiki/1995_Canadian_Grand_Prix
245,246,1995,7,8,French Grand Prix,1995-07-02,\N,http://en.wikipedia.org/wiki/1995_French_Grand_Prix
246,247,1995,8,9,British Grand Prix,1995-07-16,\N,http://en.wikipedia.org/wiki/1995_British_Grand_Prix
247,248,1995,9,10,German Grand Prix,1995-07-30,\N,http://en.wikipedia.org/wiki/1995_German_Grand_Prix
248,249,1995,10,11,Hungarian Grand Prix,1995-08-13,\N,http://en.wikipedia.org/wiki/1995_Hungarian_Grand_Prix
249,250,1995,11,13,Belgian Grand Prix,1995-08-27,\N,http://en.wikipedia.org/wiki/1995_Belgian_Grand_Prix
250,251,1995,12,14,Italian Grand Prix,1995-09-10,\N,http://en.wikipedia.org/wiki/1995_Italian_Grand_Prix
251,252,1995,13,27,Portuguese Grand Prix,1995-09-24,\N,http://en.wikipedia.org/wiki/1995_Portuguese_Grand_Prix
252,253,1995,14,20,European Grand Prix,1995-10-01,\N,http://en.wikipedia.org/wiki/1995_European_Grand_Prix
253,254,1995,15,28,Pacific Grand Prix,1995-10-22,\N,http://en.wikipedia.org/wiki/1995_Pacific_Grand_Prix
254,255,1995,16,22,Japanese Grand Prix,1995-10-29,\N,http://en.wikipedia.org/wiki/1995_Japanese_Grand_Prix
255,256,1995,17,29,Australian Grand Prix,1995-11-12,\N,http://en.wikipedia.org/wiki/1995_Australian_Grand_Prix
256,257,1994,1,18,Brazilian Grand Prix,1994-03-27,\N,http://en.wikipedia.org/wiki/1994_Brazilian_Grand_Prix
257,258,1994,2,28,Pacific Grand Prix,1994-04-17,\N,http://en.wikipedia.org/wiki/1994_Pacific_Grand_Prix
258,259,1994,3,21,San Marino Grand Prix,1994-05-01,\N,http://en.wikipedia.org/wiki/1994_San_Marino_Grand_Prix
259,260,1994,4,6,Monaco Grand Prix,1994-05-15,\N,http://en.wikipedia.org/wiki/1994_Monaco_Grand_Prix
260,261,1994,5,4,Spanish Grand Prix,1994-05-29,\N,http://en.wikipedia.org/wiki/1994_Spanish_Grand_Prix
261,262,1994,6,7,Canadian Grand Prix,1994-06-12,\N,http://en.wikipedia.org/wiki/1994_Canadian_Grand_Prix
262,263,1994,7,8,French Grand Prix,1994-07-03,\N,http://en.wikipedia.org/wiki/1994_French_Grand_Prix
263,264,1994,8,9,British Grand Prix,1994-07-10,\N,http://en.wikipedia.org/wiki/1994_British_Grand_Prix
264,265,1994,9,10,German Grand Prix,1994-07-31,\N,http://en.wikipedia.org/wiki/1994_German_Grand_Prix
265,266,1994,10,11,Hungarian Grand Prix,1994-08-14,\N,http://en.wikipedia.org/wiki/1994_Hungarian_Grand_Prix
266,267,1994,11,13,Belgian Grand Prix,1994-08-28,\N,http://en.wikipedia.org/wiki/1994_Belgian_Grand_Prix
267,268,1994,12,14,Italian Grand Prix,1994-09-11,\N,http://en.wikipedia.org/wiki/1994_Italian_Grand_Prix
268,269,1994,13,27,Portuguese Grand Prix,1994-09-25,\N,http://en.wikipedia.org/wiki/1994_Portuguese_Grand_Prix
269,270,1994,14,26,European Grand Prix,1994-10-16,\N,http://en.wikipedia.org/wiki/1994_European_Grand_Prix
270,271,1994,15,22,Japanese Grand Prix,1994-11-06,\N,http://en.wikipedia.org/wiki/1994_Japanese_Grand_Prix
271,272,1994,16,29,Australian Grand Prix,1994-11-13,\N,http://en.wikipedia.org/wiki/1994_Australian_Grand_Prix
272,273,1993,1,30,South African Grand Prix,1993-03-14,\N,http://en.wikipedia.org/wiki/1993_South_African_Grand_Prix
273,274,1993,2,18,Brazilian Grand Prix,1993-03-28,\N,http://en.wikipedia.org/wiki/1993_Brazilian_Grand_Prix
274,275,1993,3,31,European Grand Prix,1993-04-11,\N,http://en.wikipedia.org/wiki/1993_European_Grand_Prix
275,276,1993,4,21,San Marino Grand Prix,1993-04-25,\N,http://en.wikipedia.org/wiki/1993_San_Marino_Grand_Prix
276,277,1993,5,4,Spanish Grand Prix,1993-05-09,\N,http://en.wikipedia.org/wiki/1993_Spanish_Grand_Prix
277,278,1993,6,6,Monaco Grand Prix,1993-05-23,\N,http://en.wikipedia.org/wiki/1993_Monaco_Grand_Prix
278,279,1993,7,7,Canadian Grand Prix,1993-06-13,\N,http://en.wikipedia.org/wiki/1993_Canadian_Grand_Prix
279,280,1993,8,8,French Grand Prix,1993-07-04,\N,http://en.wikipedia.org/wiki/1993_French_Grand_Prix
280,281,1993,9,9,British Grand Prix,1993-07-11,\N,http://en.wikipedia.org/wiki/1993_British_Grand_Prix
281,282,1993,10,10,German Grand Prix,1993-07-25,\N,http://en.wikipedia.org/wiki/1993_German_Grand_Prix
282,283,1993,11,11,Hungarian Grand Prix,1993-08-15,\N,http://en.wikipedia.org/wiki/1993_Hungarian_Grand_Prix
283,284,1993,12,13,Belgian Grand Prix,1993-08-29,\N,http://en.wikipedia.org/wiki/1993_Belgian_Grand_Prix
284,285,1993,13,14,Italian Grand Prix,1993-09-12,\N,http://en.wikipedia.org/wiki/1993_Italian_Grand_Prix
285,286,1993,14,27,Portuguese Grand Prix,1993-09-26,\N,http://en.wikipedia.org/wiki/1993_Portuguese_Grand_Prix
286,287,1993,15,22,Japanese Grand Prix,1993-10-24,\N,http://en.wikipedia.org/wiki/1993_Japanese_Grand_Prix
287,288,1993,16,29,Australian Grand Prix,1993-11-07,\N,http://en.wikipedia.org/wiki/1993_Australian_Grand_Prix
288,289,1992,1,30,South African Grand Prix,1992-03-01,\N,http://en.wikipedia.org/wiki/1992_South_African_Grand_Prix
289,290,1992,2,32,Mexican Grand Prix,1992-03-22,\N,http://en.wikipedia.org/wiki/1992_Mexican_Grand_Prix
290,291,1992,3,18,Brazilian Grand Prix,1992-04-05,\N,http://en.wikipedia.org/wiki/1992_Brazilian_Grand_Prix
291,292,1992,4,4,Spanish Grand Prix,1992-05-03,\N,http://en.wikipedia.org/wiki/1992_Spanish_Grand_Prix
292,293,1992,5,21,San Marino Grand Prix,1992-05-17,\N,http://en.wikipedia.org/wiki/1992_San_Marino_Grand_Prix
293,294,1992,6,6,Monaco Grand Prix,1992-05-31,\N,http://en.wikipedia.org/wiki/1992_Monaco_Grand_Prix
294,295,1992,7,7,Canadian Grand Prix,1992-06-14,\N,http://en.wikipedia.org/wiki/1992_Canadian_Grand_Prix
295,296,1992,8,8,French Grand Prix,1992-07-05,\N,http://en.wikipedia.org/wiki/1992_French_Grand_Prix
296,297,1992,9,9,British Grand Prix,1992-07-12,\N,http://en.wikipedia.org/wiki/1992_British_Grand_Prix
297,298,1992,10,10,German Grand Prix,1992-07-26,\N,http://en.wikipedia.org/wiki/1992_German_Grand_Prix
298,299,1992,11,11,Hungarian Grand Prix,1992-08-16,\N,http://en.wikipedia.org/wiki/1992_Hungarian_Grand_Prix
299,300,1992,12,13,Belgian Grand Prix,1992-08-30,\N,http://en.wikipedia.org/wiki/1992_Belgian_Grand_Prix
300,301,1992,13,14,Italian Grand Prix,1992-09-13,\N,http://en.wikipedia.org/wiki/1992_Italian_Grand_Prix
301,302,1992,14,27,Portuguese Grand Prix,1992-09-27,\N,http://en.wikipedia.org/wiki/1992_Portuguese_Grand_Prix
302,303,1992,15,22,Japanese Grand Prix,1992-10-25,\N,http://en.wikipedia.org/wiki/1992_Japanese_Grand_Prix
303,304,1992,16,29,Australian Grand Prix,1992-11-08,\N,http://en.wikipedia.org/wiki/1992_Australian_Grand_Prix
304,305,1991,1,33,United States Grand Prix,1991-03-10,\N,http://en.wikipedia.org/wiki/1991_United_States_Grand_Prix
305,306,1991,2,18,Brazilian Grand Prix,1991-03-24,\N,http://en.wikipedia.org/wiki/1991_Brazilian_Grand_Prix
306,307,1991,3,21,San Marino Grand Prix,1991-04-28,\N,http://en.wikipedia.org/wiki/1991_San_Marino_Grand_Prix
307,308,1991,4,6,Monaco Grand Prix,1991-05-12,\N,http://en.wikipedia.org/wiki/1991_Monaco_Grand_Prix
308,309,1991,5,7,Canadian Grand Prix,1991-06-02,\N,http://en.wikipedia.org/wiki/1991_Canadian_Grand_Prix
309,310,1991,6,32,Mexican Grand Prix,1991-06-16,\N,http://en.wikipedia.org/wiki/1991_Mexican_Grand_Prix
310,311,1991,7,8,French Grand Prix,1991-07-07,\N,http://en.wikipedia.org/wiki/1991_French_Grand_Prix
311,312,1991,8,9,British Grand Prix,1991-07-14,\N,http://en.wikipedia.org/wiki/1991_British_Grand_Prix
312,313,1991,9,10,German Grand Prix,1991-07-28,\N,http://en.wikipedia.org/wiki/1991_German_Grand_Prix
313,314,1991,10,11,Hungarian Grand Prix,1991-08-11,\N,http://en.wikipedia.org/wiki/1991_Hungarian_Grand_Prix
314,315,1991,11,13,Belgian Grand Prix,1991-08-25,\N,http://en.wikipedia.org/wiki/1991_Belgian_Grand_Prix
315,316,1991,12,14,Italian Grand Prix,1991-09-08,\N,http://en.wikipedia.org/wiki/1991_Italian_Grand_Prix
316,317,1991,13,27,Portuguese Grand Prix,1991-09-22,\N,http://en.wikipedia.org/wiki/1991_Portuguese_Grand_Prix
317,318,1991,14,4,Spanish Grand Prix,1991-09-29,\N,http://en.wikipedia.org/wiki/1991_Spanish_Grand_Prix
318,319,1991,15,22,Japanese Grand Prix,1991-10-20,\N,http://en.wikipedia.org/wiki/1991_Japanese_Grand_Prix
319,320,1991,16,29,Australian Grand Prix,1991-11-03,\N,http://en.wikipedia.org/wiki/1991_Australian_Grand_Prix
320,321,1990,1,33,United States Grand Prix,1990-03-11,\N,http://en.wikipedia.org/wiki/1990_United_States_Grand_Prix
321,322,1990,2,18,Brazilian Grand Prix,1990-03-25,\N,http://en.wikipedia.org/wiki/1990_Brazilian_Grand_Prix
322,323,1990,3,21,San Marino Grand Prix,1990-05-13,\N,http://en.wikipedia.org/wiki/1990_San_Marino_Grand_Prix
323,324,1990,4,6,Monaco Grand Prix,1990-05-27,\N,http://en.wikipedia.org/wiki/1990_Monaco_Grand_Prix
324,325,1990,5,7,Canadian Grand Prix,1990-06-10,\N,http://en.wikipedia.org/wiki/1990_Canadian_Grand_Prix
325,326,1990,6,32,Mexican Grand Prix,1990-06-24,\N,http://en.wikipedia.org/wiki/1990_Mexican_Grand_Prix
326,327,1990,7,34,French Grand Prix,1990-07-08,\N,http://en.wikipedia.org/wiki/1990_French_Grand_Prix
327,328,1990,8,9,British Grand Prix,1990-07-15,\N,http://en.wikipedia.org/wiki/1990_British_Grand_Prix
328,329,1990,9,10,German Grand Prix,1990-07-29,\N,http://en.wikipedia.org/wiki/1990_German_Grand_Prix
329,330,1990,10,11,Hungarian Grand Prix,1990-08-12,\N,http://en.wikipedia.org/wiki/1990_Hungarian_Grand_Prix
330,331,1990,11,13,Belgian Grand Prix,1990-08-26,\N,http://en.wikipedia.org/wiki/1990_Belgian_Grand_Prix
331,332,1990,12,14,Italian Grand Prix,1990-09-09,\N,http://en.wikipedia.org/wiki/1990_Italian_Grand_Prix
332,333,1990,13,27,Portuguese Grand Prix,1990-09-23,\N,http://en.wikipedia.org/wiki/1990_Portuguese_Grand_Prix
333,334,1990,14,26,Spanish Grand Prix,1990-09-30,\N,http://en.wikipedia.org/wiki/1990_Spanish_Grand_Prix
334,335,1990,15,22,Japanese Grand Prix,1990-10-21,\N,http://en.wikipedia.org/wiki/1990_Japanese_Grand_Prix
335,336,1990,16,29,Australian Grand Prix,1990-11-04,\N,http://en.wikipedia.org/wiki/1990_Australian_Grand_Prix
336,337,2010,1,3,Bahrain Grand Prix,2010-03-14,12:00:00,http://en.wikipedia.org/wiki/2010_Bahrain_Grand_Prix
337,338,2010,2,1,Australian Grand Prix,2010-03-28,06:00:00,http://en.wikipedia.org/wiki/2010_Australian_Grand_Prix
338,339,2010,3,2,Malaysian Grand Prix,2010-04-04,08:00:00,http://en.wikipedia.org/wiki/2010_Malaysian_Grand_Prix
339,340,2010,4,17,Chinese Grand Prix,2010-04-18,06:00:00,http://en.wikipedia.org/wiki/2010_Chinese_Grand_Prix
340,341,2010,5,4,Spanish Grand Prix,2010-05-09,12:00:00,http://en.wikipedia.org/wiki/2010_Spanish_Grand_Prix
341,342,2010,6,6,Monaco Grand Prix,2010-05-16,12:00:00,http://en.wikipedia.org/wiki/2010_Monaco_Grand_Prix
342,343,2010,7,5,Turkish Grand Prix,2010-05-30,11:00:00,http://en.wikipedia.org/wiki/2010_Turkish_Grand_Prix
343,344,2010,8,7,Canadian Grand Prix,2010-06-13,16:00:00,http://en.wikipedia.org/wiki/2010_Canadian_Grand_Prix
344,345,2010,9,12,European Grand Prix,2010-06-27,12:00:00,http://en.wikipedia.org/wiki/2010_European_Grand_Prix
345,346,2010,10,9,British Grand Prix,2010-07-11,12:00:00,http://en.wikipedia.org/wiki/2010_British_Grand_Prix
346,347,2010,11,10,German Grand Prix,2010-07-25,12:00:00,http://en.wikipedia.org/wiki/2010_German_Grand_Prix
347,348,2010,12,11,Hungarian Grand Prix,2010-08-01,12:00:00,http://en.wikipedia.org/wiki/2010_Hungarian_Grand_Prix
348,349,2010,13,13,Belgian Grand Prix,2010-08-29,12:00:00,http://en.wikipedia.org/wiki/2010_Belgian_Grand_Prix
349,350,2010,14,14,Italian Grand Prix,2010-09-12,12:00:00,http://en.wikipedia.org/wiki/2010_Italian_Grand_Prix
350,351,2010,15,15,Singapore Grand Prix,2010-09-26,12:00:00,http://en.wikipedia.org/wiki/2010_Singapore_Grand_Prix
351,352,2010,16,22,Japanese Grand Prix,2010-10-10,06:00:00,http://en.wikipedia.org/wiki/2010_Japanese_Grand_Prix
352,353,2010,17,35,Korean Grand Prix,2010-10-24,05:00:00,http://en.wikipedia.org/wiki/2010_Korean_Grand_Prix
353,354,2010,18,18,Brazilian Grand Prix,2010-11-07,16:00:00,http://en.wikipedia.org/wiki/2010_Brazilian_Grand_Prix
354,355,2010,19,24,Abu Dhabi Grand Prix,2010-11-14,13:00:00,http://en.wikipedia.org/wiki/2010_Abu_Dhabi_Grand_Prix
839,841,2011,1,1,Australian Grand Prix,2011-03-27,06:00:00,http://en.wikipedia.org/wiki/2011_Australian_Grand_Prix
840,842,2011,2,2,Malaysian Grand Prix,2011-04-10,08:00:00,http://en.wikipedia.org/wiki/2011_Malaysian_Grand_Prix
841,843,2011,3,17,Chinese Grand Prix,2011-04-17,07:00:00,http://en.wikipedia.org/wiki/2011_Chinese_Grand_Prix
842,844,2011,4,5,Turkish Grand Prix,2011-05-08,12:00:00,http://en.wikipedia.org/wiki/2011_Turkish_Grand_Prix
843,845,2011,5,4,Spanish Grand Prix,2011-05-22,12:00:00,http://en.wikipedia.org/wiki/2011_Spanish_Grand_Prix
844,846,2011,6,6,Monaco Grand Prix,2011-05-29,12:00:00,http://en.wikipedia.org/wiki/2011_Monaco_Grand_Prix
845,847,2011,7,7,Canadian Grand Prix,2011-06-12,17:00:00,http://en.wikipedia.org/wiki/2011_Canadian_Grand_Prix
846,848,2011,8,12,European Grand Prix,2011-06-26,12:00:00,http://en.wikipedia.org/wiki/2011_European_Grand_Prix
847,849,2011,9,9,British Grand Prix,2011-07-10,12:00:00,http://en.wikipedia.org/wiki/2011_British_Grand_Prix
848,850,2011,10,20,German Grand Prix,2011-07-24,12:00:00,http://en.wikipedia.org/wiki/2011_German_Grand_Prix
849,851,2011,11,11,Hungarian Grand Prix,2011-07-31,12:00:00,http://en.wikipedia.org/wiki/2011_Hungarian_Grand_Prix
850,852,2011,12,13,Belgian Grand Prix,2011-08-28,12:00:00,http://en.wikipedia.org/wiki/2011_Belgian_Grand_Prix
851,853,2011,13,14,Italian Grand Prix,2011-09-11,12:00:00,http://en.wikipedia.org/wiki/2011_Italian_Grand_Prix
852,854,2011,14,15,Singapore Grand Prix,2011-09-25,12:00:00,http://en.wikipedia.org/wiki/2011_Singapore_Grand_Prix
853,855,2011,15,22,Japanese Grand Prix,2011-10-09,06:00:00,http://en.wikipedia.org/wiki/2011_Japanese_Grand_Prix
854,856,2011,16,35,Korean Grand Prix,2011-10-16,06:00:00,http://en.wikipedia.org/wiki/2011_Korean_Grand_Prix
855,857,2011,17,68,Indian Grand Prix,2011-10-30,09:30:00,http://en.wikipedia.org/wiki/2011_Indian_Grand_Prix
856,858,2011,18,24,Abu Dhabi Grand Prix,2011-11-13,13:00:00,http://en.wikipedia.org/wiki/2011_Abu_Dhabi_Grand_Prix
857,859,2011,19,18,Brazilian Grand Prix,2011-11-27,16:00:00,http://en.wikipedia.org/wiki/2011_Brazilian_Grand_Prix
858,860,2012,1,1,Australian Grand Prix,2012-03-18,06:00:00,http://en.wikipedia.org/wiki/2012_Australian_Grand_Prix
859,861,2012,2,2,Malaysian Grand Prix,2012-03-25,08:00:00,http://en.wikipedia.org/wiki/2012_Malaysian_Grand_Prix
860,862,2012,3,17,Chinese Grand Prix,2012-04-15,07:00:00,http://en.wikipedia.org/wiki/2012_Chinese_Grand_Prix
861,863,2012,4,3,Bahrain Grand Prix,2012-04-22,12:00:00,http://en.wikipedia.org/wiki/2012_Bahrain_Grand_Prix
862,864,2012,5,4,Spanish Grand Prix,2012-05-13,12:00:00,http://en.wikipedia.org/wiki/2012_Spanish_Grand_Prix
863,865,2012,6,6,Monaco Grand Prix,2012-05-27,12:00:00,http://en.wikipedia.org/wiki/2012_Monaco_Grand_Prix
864,866,2012,7,7,Canadian Grand Prix,2012-06-10,18:00:00,http://en.wikipedia.org/wiki/2012_Canadian_Grand_Prix
865,867,2012,8,12,European Grand Prix,2012-06-24,12:00:00,http://en.wikipedia.org/wiki/2012_European_Grand_Prix
866,868,2012,9,9,British Grand Prix,2012-07-08,12:00:00,http://en.wikipedia.org/wiki/2012_British_Grand_Prix
867,869,2012,10,10,German Grand Prix,2012-07-22,12:00:00,http://en.wikipedia.org/wiki/2012_German_Grand_Prix
868,870,2012,11,11,Hungarian Grand Prix,2012-07-29,12:00:00,http://en.wikipedia.org/wiki/2012_Hungarian_Grand_Prix
869,871,2012,12,13,Belgian Grand Prix,2012-09-02,12:00:00,http://en.wikipedia.org/wiki/2012_Belgian_Grand_Prix
870,872,2012,13,14,Italian Grand Prix,2012-09-09,12:00:00,http://en.wikipedia.org/wiki/2012_Italian_Grand_Prix
871,873,2012,14,15,Singapore Grand Prix,2012-09-23,12:00:00,http://en.wikipedia.org/wiki/2012_Singapore_Grand_Prix
872,874,2012,15,22,Japanese Grand Prix,2012-10-07,06:00:00,http://en.wikipedia.org/wiki/2012_Japanese_Grand_Prix
873,875,2012,16,35,Korean Grand Prix,2012-10-14,06:00:00,http://en.wikipedia.org/wiki/2012_Korean_Grand_Prix
874,876,2012,17,68,Indian Grand Prix,2012-10-28,09:30:00,http://en.wikipedia.org/wiki/2012_Indian_Grand_Prix
875,877,2012,18,24,Abu Dhabi Grand Prix,2012-11-04,13:00:00,http://en.wikipedia.org/wiki/2012_Abu_Dhabi_Grand_Prix
876,878,2012,19,69,United States Grand Prix,2012-11-18,19:00:00,http://en.wikipedia.org/wiki/2012_United_States_Grand_Prix
877,879,2012,20,18,Brazilian Grand Prix,2012-11-25,16:00:00,http://en.wikipedia.org/wiki/2012_Brazilian_Grand_Prix
878,880,2013,1,1,Australian Grand Prix,2013-03-17,06:00:00,http://en.wikipedia.org/wiki/2013_Australian_Grand_Prix
879,881,2013,2,2,Malaysian Grand Prix,2013-03-24,08:00:00,http://en.wikipedia.org/wiki/2013_Malaysian_Grand_Prix
880,882,2013,3,17,Chinese Grand Prix,2013-04-14,07:00:00,http://en.wikipedia.org/wiki/2013_Chinese_Grand_Prix
881,883,2013,4,3,Bahrain Grand Prix,2013-04-21,12:00:00,http://en.wikipedia.org/wiki/2013_Bahrain_Grand_Prix
882,884,2013,5,4,Spanish Grand Prix,2013-05-12,12:00:00,http://en.wikipedia.org/wiki/2013_Spanish_Grand_Prix
883,885,2013,6,6,Monaco Grand Prix,2013-05-26,12:00:00,http://en.wikipedia.org/wiki/2013_Monaco_Grand_Prix
884,886,2013,7,7,Canadian Grand Prix,2013-06-09,18:00:00,http://en.wikipedia.org/wiki/2013_Canadian_Grand_Prix
885,887,2013,8,9,British Grand Prix,2013-06-30,12:00:00,http://en.wikipedia.org/wiki/2013_British_Grand_Prix
886,888,2013,9,20,German Grand Prix,2013-07-07,12:00:00,http://en.wikipedia.org/wiki/2013_German_Grand_Prix
887,890,2013,10,11,Hungarian Grand Prix,2013-07-28,12:00:00,http://en.wikipedia.org/wiki/2013_Hungarian_Grand_Prix
888,891,2013,11,13,Belgian Grand Prix,2013-08-25,12:00:00,http://en.wikipedia.org/wiki/2013_Belgian_Grand_Prix
889,892,2013,12,14,Italian Grand Prix,2013-09-08,12:00:00,http://en.wikipedia.org/wiki/2013_Italian_Grand_Prix
890,893,2013,13,15,Singapore Grand Prix,2013-09-22,12:00:00,http://en.wikipedia.org/wiki/2013_Singapore_Grand_Prix
891,894,2013,14,35,Korean Grand Prix,2013-10-06,06:00:00,http://en.wikipedia.org/wiki/2013_Korean_Grand_Prix
892,895,2013,15,22,Japanese Grand Prix,2013-10-13,06:00:00,http://en.wikipedia.org/wiki/2013_Japanese_Grand_Prix
893,896,2013,16,68,Indian Grand Prix,2013-10-27,09:30:00,http://en.wikipedia.org/wiki/2013_Indian_Grand_Prix
894,897,2013,17,24,Abu Dhabi Grand Prix,2013-11-03,13:00:00,http://en.wikipedia.org/wiki/2013_Abu_Dhabi_Grand_Prix
895,898,2013,18,69,United States Grand Prix,2013-11-17,19:00:00,http://en.wikipedia.org/wiki/2013_United_States_Grand_Prix
896,899,2013,19,18,Brazilian Grand Prix,2013-11-24,16:00:00,http://en.wikipedia.org/wiki/2013_Brazilian_Grand_Prix
897,900,2014,1,1,Australian Grand Prix,2014-03-16,06:00:00,https://en.wikipedia.org/wiki/2014_Australian_Grand_Prix
898,901,2014,2,2,Malaysian Grand Prix,2014-03-30,08:00:00,https://en.wikipedia.org/wiki/2014_Malaysian_Grand_Prix
899,902,2014,3,3,Bahrain Grand Prix,2014-04-06,15:00:00,http://en.wikipedia.org/wiki/2014_Bahrain_Grand_Prix
900,903,2014,4,17,Chinese Grand Prix,2014-04-20,07:00:00,http://en.wikipedia.org/wiki/2014_Chinese_Grand_Prix
901,904,2014,5,4,Spanish Grand Prix,2014-05-11,12:00:00,http://en.wikipedia.org/wiki/2014_Spanish_Grand_Prix
902,905,2014,6,6,Monaco Grand Prix,2014-05-25,12:00:00,http://en.wikipedia.org/wiki/2014_Monaco_Grand_Prix
903,906,2014,7,7,Canadian Grand Prix,2014-06-08,18:00:00,http://en.wikipedia.org/wiki/2014_Canadian_Grand_Prix
904,907,2014,8,70,Austrian Grand Prix,2014-06-22,12:00:00,http://en.wikipedia.org/wiki/2014_Austrian_Grand_Prix
905,908,2014,9,9,British Grand Prix,2014-07-06,12:00:00,http://en.wikipedia.org/wiki/2014_British_Grand_Prix
906,909,2014,10,10,German Grand Prix,2014-07-20,12:00:00,http://en.wikipedia.org/wiki/2014_German_Grand_Prix
907,910,2014,11,11,Hungarian Grand Prix,2014-07-27,12:00:00,http://en.wikipedia.org/wiki/2014_Hungarian_Grand_Prix
908,911,2014,12,13,Belgian Grand Prix,2014-08-24,12:00:00,http://en.wikipedia.org/wiki/2014_Belgian_Grand_Prix
909,912,2014,13,14,Italian Grand Prix,2014-09-07,12:00:00,http://en.wikipedia.org/wiki/2014_Italian_Grand_Prix
910,913,2014,14,15,Singapore Grand Prix,2014-09-21,12:00:00,http://en.wikipedia.org/wiki/2014_Singapore_Grand_Prix
911,914,2014,15,22,Japanese Grand Prix,2014-10-05,06:00:00,http://en.wikipedia.org/wiki/2014_Japanese_Grand_Prix
912,915,2014,16,71,Russian Grand Prix,2014-10-12,11:00:00,http://en.wikipedia.org/wiki/2014_Russian_Grand_Prix
913,916,2014,17,69,United States Grand Prix,2014-11-02,20:00:00,http://en.wikipedia.org/wiki/2014_United_States_Grand_Prix
914,917,2014,18,18,Brazilian Grand Prix,2014-11-09,16:00:00,http://en.wikipedia.org/wiki/2014_Brazilian_Grand_Prix
915,918,2014,19,24,Abu Dhabi Grand Prix,2014-11-23,13:00:00,http://en.wikipedia.org/wiki/2014_Abu_Dhabi_Grand_Prix
916,931,2015,6,6,Monaco Grand Prix,2015-05-24,12:00:00,http://en.wikipedia.org/wiki/2015_Monaco_Grand_Prix
917,932,2015,7,7,Canadian Grand Prix,2015-06-07,18:00:00,http://en.wikipedia.org/wiki/2015_Canadian_Grand_Prix
918,929,2015,4,3,Bahrain Grand Prix,2015-04-19,15:00:00,http://en.wikipedia.org/wiki/2015_Bahrain_Grand_Prix
919,930,2015,5,4,Spanish Grand Prix,2015-05-10,12:00:00,http://en.wikipedia.org/wiki/2015_Spanish_Grand_Prix
920,928,2015,3,17,Chinese Grand Prix,2015-04-12,06:00:00,http://en.wikipedia.org/wiki/2015_Chinese_Grand_Prix
921,926,2015,1,1,Australian Grand Prix,2015-03-15,05:00:00,http://en.wikipedia.org/wiki/2015_Australian_Grand_Prix
922,927,2015,2,2,Malaysian Grand Prix,2015-03-29,07:00:00,http://en.wikipedia.org/wiki/2015_Malaysian_Grand_Prix
923,933,2015,8,70,Austrian Grand Prix,2015-06-21,12:00:00,http://en.wikipedia.org/wiki/2015_Austrian_Grand_Prix
924,934,2015,9,9,British Grand Prix,2015-07-05,12:00:00,http://en.wikipedia.org/wiki/2015_British_Grand_Prix
925,936,2015,10,11,Hungarian Grand Prix,2015-07-26,12:00:00,http://en.wikipedia.org/wiki/2015_Hungarian_Grand_Prix
926,937,2015,11,13,Belgian Grand Prix,2015-08-23,12:00:00,http://en.wikipedia.org/wiki/2015_Belgian_Grand_Prix
927,938,2015,12,14,Italian Grand Prix,2015-09-06,12:00:00,http://en.wikipedia.org/wiki/2015_Italian_Grand_Prix
928,939,2015,13,15,Singapore Grand Prix,2015-09-20,12:00:00,https://en.wikipedia.org/wiki/2015_Singapore_Grand_Prix
929,940,2015,14,22,Japanese Grand Prix,2015-09-27,05:00:00,https://en.wikipedia.org/wiki/2015_Japanese_Grand_Prix
930,941,2015,15,71,Russian Grand Prix,2015-10-11,11:00:00,https://en.wikipedia.org/wiki/2015_Russian_Grand_Prix
931,942,2015,16,69,United States Grand Prix,2015-10-25,19:00:00,https://en.wikipedia.org/wiki/2015_United_States_Grand_Prix
932,943,2015,17,32,Mexican Grand Prix,2015-11-01,19:00:00,https://en.wikipedia.org/wiki/2015_Mexican_Grand_Prix
933,944,2015,18,18,Brazilian Grand Prix,2015-11-15,16:00:00,https://en.wikipedia.org/wiki/2015_Brazilian_Grand_Prix
934,945,2015,19,24,Abu Dhabi Grand Prix,2015-11-29,13:00:00,https://en.wikipedia.org/wiki/2015_Abu_Dhabi_Grand_Prix
935,948,2016,1,1,Australian Grand Prix,2016-03-20,05:00:00,https://en.wikipedia.org/wiki/2016_Australian_Grand_Prix
936,949,2016,2,3,Bahrain Grand Prix,2016-04-03,15:00:00,https://en.wikipedia.org/wiki/2016_Bahrain_Grand_Prix
937,950,2016,3,17,Chinese Grand Prix,2016-04-17,06:00:00,https://en.wikipedia.org/wiki/2016_Chinese_Grand_Prix
938,951,2016,4,71,Russian Grand Prix,2016-05-01,12:00:00,https://en.wikipedia.org/wiki/2016_Russian_Grand_Prix
939,952,2016,5,4,Spanish Grand Prix,2016-05-15,12:00:00,https://en.wikipedia.org/wiki/2016_Spanish_Grand_Prix
940,953,2016,6,6,Monaco Grand Prix,2016-05-29,12:00:00,https://en.wikipedia.org/wiki/2016_Monaco_Grand_Prix
941,954,2016,7,7,Canadian Grand Prix,2016-06-12,18:00:00,https://en.wikipedia.org/wiki/2016_Canadian_Grand_Prix
942,955,2016,8,73,European Grand Prix,2016-06-19,13:00:00,https://en.wikipedia.org/wiki/2016_European_Grand_Prix
943,956,2016,9,70,Austrian Grand Prix,2016-07-03,12:00:00,https://en.wikipedia.org/wiki/2016_Austrian_Grand_Prix
944,957,2016,10,9,British Grand Prix,2016-07-10,12:00:00,https://en.wikipedia.org/wiki/2016_British_Grand_Prix
945,958,2016,11,11,Hungarian Grand Prix,2016-07-24,12:00:00,https://en.wikipedia.org/wiki/2016_Hungarian_Grand_Prix
946,959,2016,12,10,German Grand Prix,2016-07-31,12:00:00,https://en.wikipedia.org/wiki/2016_German_Grand_Prix
947,960,2016,13,13,Belgian Grand Prix,2016-08-28,12:00:00,https://en.wikipedia.org/wiki/2016_Belgian_Grand_Prix
948,961,2016,14,14,Italian Grand Prix,2016-09-04,12:00:00,https://en.wikipedia.org/wiki/2016_Italian_Grand_Prix
949,962,2016,15,15,Singapore Grand Prix,2016-09-18,12:00:00,https://en.wikipedia.org/wiki/2016_Singapore_Grand_Prix
950,963,2016,16,2,Malaysian Grand Prix,2016-10-02,07:00:00,https://en.wikipedia.org/wiki/2016_Malaysian_Grand_Prix
951,964,2016,17,22,Japanese Grand Prix,2016-10-09,05:00:00,https://en.wikipedia.org/wiki/2016_Japanese_Grand_Prix
952,965,2016,18,69,United States Grand Prix,2016-10-23,19:00:00,https://en.wikipedia.org/wiki/2016_United_States_Grand_Prix
953,966,2016,19,32,Mexican Grand Prix,2016-10-30,19:00:00,https://en.wikipedia.org/wiki/2016_Mexican_Grand_Prix
954,967,2016,20,18,Brazilian Grand Prix,2016-11-13,16:00:00,https://en.wikipedia.org/wiki/2016_Brazilian_Grand_Prix
955,968,2016,21,24,Abu Dhabi Grand Prix,2016-11-27,13:00:00,https://en.wikipedia.org/wiki/2016_Abu_Dhabi_Grand_Prix
956,969,2017,1,1,Australian Grand Prix,2017-03-26,05:00:00,https://en.wikipedia.org/wiki/2017_Australian_Grand_Prix
957,970,2017,2,17,Chinese Grand Prix,2017-04-09,06:00:00,https://en.wikipedia.org/wiki/2017_Chinese_Grand_Prix
958,971,2017,3,3,Bahrain Grand Prix,2017-04-16,15:00:00,https://en.wikipedia.org/wiki/2017_Bahrain_Grand_Prix
959,972,2017,4,71,Russian Grand Prix,2017-04-30,12:00:00,https://en.wikipedia.org/wiki/2017_Russian_Grand_Prix
960,973,2017,5,4,Spanish Grand Prix,2017-05-14,12:00:00,https://en.wikipedia.org/wiki/2017_Spanish_Grand_Prix
961,974,2017,6,6,Monaco Grand Prix,2017-05-28,12:00:00,https://en.wikipedia.org/wiki/2017_Monaco_Grand_Prix
962,975,2017,7,7,Canadian Grand Prix,2017-06-11,18:00:00,https://en.wikipedia.org/wiki/2017_Canadian_Grand_Prix
963,976,2017,8,73,Azerbaijan Grand Prix,2017-06-25,13:00:00,https://en.wikipedia.org/wiki/2017_Azerbaijan_Grand_Prix
964,977,2017,9,70,Austrian Grand Prix,2017-07-09,12:00:00,https://en.wikipedia.org/wiki/2017_Austrian_Grand_Prix
965,978,2017,10,9,British Grand Prix,2017-07-16,12:00:00,https://en.wikipedia.org/wiki/2017_British_Grand_Prix
966,979,2017,11,11,Hungarian Grand Prix,2017-07-30,12:00:00,https://en.wikipedia.org/wiki/2017_Hungarian_Grand_Prix
967,980,2017,12,13,Belgian Grand Prix,2017-08-27,12:00:00,https://en.wikipedia.org/wiki/2017_Belgian_Grand_Prix
968,981,2017,13,14,Italian Grand Prix,2017-09-03,12:00:00,https://en.wikipedia.org/wiki/2017_Italian_Grand_Prix
969,982,2017,14,15,Singapore Grand Prix,2017-09-17,12:00:00,https://en.wikipedia.org/wiki/2017_Singapore_Grand_Prix
970,983,2017,15,2,Malaysian Grand Prix,2017-10-01,07:00:00,https://en.wikipedia.org/wiki/2017_Malaysian_Grand_Prix
971,984,2017,16,22,Japanese Grand Prix,2017-10-08,05:00:00,https://en.wikipedia.org/wiki/2017_Japanese_Grand_Prix
972,985,2017,17,69,United States Grand Prix,2017-10-22,19:00:00,https://en.wikipedia.org/wiki/2017_United_States_Grand_Prix
973,986,2017,18,32,Mexican Grand Prix,2017-10-29,19:00:00,https://en.wikipedia.org/wiki/2017_Mexican_Grand_Prix
974,987,2017,19,18,Brazilian Grand Prix,2017-11-12,16:00:00,https://en.wikipedia.org/wiki/2017_Brazilian_Grand_Prix
975,988,2017,20,24,Abu Dhabi Grand Prix,2017-11-26,13:00:00,https://en.wikipedia.org/wiki/2017_Abu_Dhabi_Grand_Prix
976,989,2018,1,1,Australian Grand Prix,2018-03-25,05:10:00,https://en.wikipedia.org/wiki/2018_Australian_Grand_Prix
977,990,2018,2,3,Bahrain Grand Prix,2018-04-08,15:10:00,https://en.wikipedia.org/wiki/2018_Bahrain_Grand_Prix
978,991,2018,3,17,Chinese Grand Prix,2018-04-15,06:10:00,https://en.wikipedia.org/wiki/2018_Chinese_Grand_Prix
979,992,2018,4,73,Azerbaijan Grand Prix,2018-04-29,12:10:00,https://en.wikipedia.org/wiki/2018_Azerbaijan_Grand_Prix
980,993,2018,5,4,Spanish Grand Prix,2018-05-13,13:10:00,https://en.wikipedia.org/wiki/2018_Spanish_Grand_Prix
981,994,2018,6,6,Monaco Grand Prix,2018-05-27,13:10:00,https://en.wikipedia.org/wiki/2018_Monaco_Grand_Prix
982,995,2018,7,7,Canadian Grand Prix,2018-06-10,18:10:00,https://en.wikipedia.org/wiki/2018_Canadian_Grand_Prix
983,996,2018,8,34,French Grand Prix,2018-06-24,14:10:00,https://en.wikipedia.org/wiki/2018_French_Grand_Prix
984,997,2018,9,70,Austrian Grand Prix,2018-07-01,13:10:00,https://en.wikipedia.org/wiki/2018_Austrian_Grand_Prix
985,998,2018,10,9,British Grand Prix,2018-07-08,13:10:00,https://en.wikipedia.org/wiki/2018_British_Grand_Prix
986,999,2018,11,10,German Grand Prix,2018-07-22,13:10:00,https://en.wikipedia.org/wiki/2018_German_Grand_Prix
987,1000,2018,12,11,Hungarian Grand Prix,2018-07-29,13:10:00,https://en.wikipedia.org/wiki/2018_Hungarian_Grand_Prix
988,1001,2018,13,13,Belgian Grand Prix,2018-08-26,13:10:00,https://en.wikipedia.org/wiki/2018_Belgian_Grand_Prix
989,1002,2018,14,14,Italian Grand Prix,2018-09-02,13:10:00,https://en.wikipedia.org/wiki/2018_Italian_Grand_Prix
990,1003,2018,15,15,Singapore Grand Prix,2018-09-16,12:10:00,https://en.wikipedia.org/wiki/2018_Singapore_Grand_Prix
991,1004,2018,16,71,Russian Grand Prix,2018-09-30,11:10:00,https://en.wikipedia.org/wiki/2018_Russian_Grand_Prix
992,1005,2018,17,22,Japanese Grand Prix,2018-10-07,05:10:00,https://en.wikipedia.org/wiki/2018_Japanese_Grand_Prix
993,1006,2018,18,69,United States Grand Prix,2018-10-21,18:10:00,https://en.wikipedia.org/wiki/2018_United_States_Grand_Prix
994,1007,2018,19,32,Mexican Grand Prix,2018-10-28,19:10:00,https://en.wikipedia.org/wiki/2018_Mexican_Grand_Prix
995,1008,2018,20,18,Brazilian Grand Prix,2018-11-11,17:10:00,https://en.wikipedia.org/wiki/2018_Brazilian_Grand_Prix
996,1009,2018,21,24,Abu Dhabi Grand Prix,2018-11-25,13:10:00,https://en.wikipedia.org/wiki/2018_Abu_Dhabi_Grand_Prix
997,1010,2019,1,1,Australian Grand Prix,2019-03-17,05:10:00,https://en.wikipedia.org/wiki/2019_Australian_Grand_Prix
998,1011,2019,2,3,Bahrain Grand Prix,2019-03-31,15:10:00,https://en.wikipedia.org/wiki/2019_Bahrain_Grand_Prix
999,1012,2019,3,17,Chinese Grand Prix,2019-04-14,06:10:00,https://en.wikipedia.org/wiki/2019_Chinese_Grand_Prix
1000,1013,2019,4,73,Azerbaijan Grand Prix,2019-04-28,12:10:00,https://en.wikipedia.org/wiki/2019_Azerbaijan_Grand_Prix
1001,1014,2019,5,4,Spanish Grand Prix,2019-05-12,13:10:00,https://en.wikipedia.org/wiki/2019_Spanish_Grand_Prix
1002,1015,2019,6,6,Monaco Grand Prix,2019-05-26,13:10:00,https://en.wikipedia.org/wiki/2019_Monaco_Grand_Prix
1003,1016,2019,7,7,Canadian Grand Prix,2019-06-09,18:10:00,https://en.wikipedia.org/wiki/2019_Canadian_Grand_Prix
1004,1017,2019,8,34,French Grand Prix,2019-06-23,13:10:00,https://en.wikipedia.org/wiki/2019_French_Grand_Prix
1005,1018,2019,9,70,Austrian Grand Prix,2019-06-30,13:10:00,https://en.wikipedia.org/wiki/2019_Austrian_Grand_Prix
1006,1019,2019,10,9,British Grand Prix,2019-07-14,13:10:00,https://en.wikipedia.org/wiki/2019_British_Grand_Prix
1007,1020,2019,11,10,German Grand Prix,2019-07-28,13:10:00,https://en.wikipedia.org/wiki/2019_German_Grand_Prix
1008,1021,2019,12,11,Hungarian Grand Prix,2019-08-04,13:10:00,https://en.wikipedia.org/wiki/2019_Hungarian_Grand_Prix
1009,1022,2019,13,13,Belgian Grand Prix,2019-09-01,13:10:00,https://en.wikipedia.org/wiki/2019_Belgian_Grand_Prix
1010,1023,2019,14,14,Italian Grand Prix,2019-09-08,13:10:00,https://en.wikipedia.org/wiki/2019_Italian_Grand_Prix
1011,1024,2019,15,15,Singapore Grand Prix,2019-09-22,12:10:00,https://en.wikipedia.org/wiki/2019_Singapore_Grand_Prix
1012,1025,2019,16,71,Russian Grand Prix,2019-09-29,11:10:00,https://en.wikipedia.org/wiki/2019_Russian_Grand_Prix
1013,1026,2019,17,22,Japanese Grand Prix,2019-10-13,05:10:00,https://en.wikipedia.org/wiki/2019_Japanese_Grand_Prix
1014,1027,2019,18,32,Mexican Grand Prix,2019-10-27,19:10:00,https://en.wikipedia.org/wiki/2019_Mexican_Grand_Prix
1015,1028,2019,19,69,United States Grand Prix,2019-11-03,19:10:00,https://en.wikipedia.org/wiki/2019_United_States_Grand_Prix
1016,1029,2019,20,18,Brazilian Grand Prix,2019-11-17,17:10:00,https://en.wikipedia.org/wiki/2019_Brazilian_Grand_Prix
1017,1030,2019,21,24,Abu Dhabi Grand Prix,2019-12-01,13:10:00,https://en.wikipedia.org/wiki/2019_Abu_Dhabi_Grand_Prix
1018,1031,2020,1,70,Austrian Grand Prix,2020-07-05,13:10:00,https://en.wikipedia.org/wiki/2020_Austrian_Grand_Prix
1019,1032,2020,2,70,Styrian Grand Prix,2020-07-12,13:10:00,https://en.wikipedia.org/wiki/2020_Styrian_Grand_Prix
1020,1033,2020,3,11,Hungarian Grand Prix,2020-07-19,13:10:00,https://en.wikipedia.org/wiki/2020_Hungarian_Grand_Prix
1021,1034,2020,4,9,British Grand Prix,2020-08-02,13:10:00,https://en.wikipedia.org/wiki/2020_British_Grand_Prix
1022,1035,2020,5,9,70th Anniversary Grand Prix,2020-08-09,13:10:00,https://en.wikipedia.org/wiki/70th_Anniversary_Grand_Prix
1023,1036,2020,6,4,Spanish Grand Prix,2020-08-16,13:10:00,https://en.wikipedia.org/wiki/2020_Spanish_Grand_Prix
1024,1037,2020,7,13,Belgian Grand Prix,2020-08-30,13:10:00,https://en.wikipedia.org/wiki/2020_Belgian_Grand_Prix
1025,1038,2020,8,14,Italian Grand Prix,2020-09-06,13:10:00,https://en.wikipedia.org/wiki/2020_Italian_Grand_Prix
1026,1039,2020,9,76,Tuscan Grand Prix,2020-09-13,13:10:00,https://en.wikipedia.org/wiki/2020_Tuscan_Grand_Prix
1027,1040,2020,10,71,Russian Grand Prix,2020-09-27,11:10:00,https://en.wikipedia.org/wiki/2020_Russian_Grand_Prix
1028,1041,2020,11,20,Eifel Grand Prix,2020-10-11,13:10:00,https://en.wikipedia.org/wiki/2020_Eifel_Grand_Prix
1029,1042,2020,12,75,Portuguese Grand Prix,2020-10-25,12:10:00,https://en.wikipedia.org/wiki/2020_Portuguese_Grand_Prix
1030,1043,2020,13,21,Emilia Romagna Grand Prix,2020-11-01,12:10:00,https://en.wikipedia.org/wiki/2020_Emilia_Romagna_Grand_Prix
1031,1044,2020,14,5,Turkish Grand Prix,2020-11-15,10:10:00,https://en.wikipedia.org/wiki/2020_Turkish_Grand_Prix
1032,1045,2020,15,3,Bahrain Grand Prix,2020-11-29,14:10:00,https://en.wikipedia.org/wiki/2020_Bahrain_Grand_Prix
1033,1046,2020,16,3,Sakhir Grand Prix,2020-12-06,17:10:00,https://en.wikipedia.org/wiki/2020_Sakhir_Grand_Prix
1034,1047,2020,17,24,Abu Dhabi Grand Prix,2020-12-13,13:10:00,https://en.wikipedia.org/wiki/2020_Abu_Dhabi_Grand_Prix
1035,1053,2021,2,21,Emilia Romagna Grand Prix,2021-04-18,13:00:00,http://en.wikipedia.org/wiki/2021_Emilia_Romagna_Grand_Prix
1036,1052,2021,1,3,Bahrain Grand Prix,2021-03-28,15:00:00,https://en.wikipedia.org/wiki/2021_Bahrain_Grand_Prix
1037,1051,2021,21,1,Australian Grand Prix,2021-11-21,06:00:00,http://en.wikipedia.org/wiki/2021_Australian_Grand_Prix
1038,1054,2021,3,75,Portuguese Grand Prix,2021-05-02,14:00:00,http://en.wikipedia.org/wiki/2021_Portuguese_Grand_Prix
1039,1055,2021,4,4,Spanish Grand Prix,2021-05-09,13:00:00,http://en.wikipedia.org/wiki/2021_Spanish_Grand_Prix
1040,1056,2021,5,6,Monaco Grand Prix,2021-05-23,13:00:00,http://en.wikipedia.org/wiki/2021_Monaco_Grand_Prix
1041,1057,2021,6,73,Azerbaijan Grand Prix,2021-06-06,12:00:00,http://en.wikipedia.org/wiki/2021_Azerbaijan_Grand_Prix
1042,1058,2021,8,70,Styrian Grand Prix,2021-06-27,13:00:00,http://en.wikipedia.org/wiki/2021_Styrian_Grand_Prix
1043,1059,2021,7,34,French Grand Prix,2021-06-20,13:00:00,http://en.wikipedia.org/wiki/2021_French_Grand_Prix
1044,1060,2021,9,70,Austrian Grand Prix,2021-07-04,13:00:00,http://en.wikipedia.org/wiki/2021_Austrian_Grand_Prix
1045,1061,2021,10,9,British Grand Prix,2021-07-18,14:00:00,http://en.wikipedia.org/wiki/2021_British_Grand_Prix
1046,1062,2021,11,11,Hungarian Grand Prix,2021-08-01,13:00:00,http://en.wikipedia.org/wiki/2021_Hungarian_Grand_Prix
1047,1063,2021,12,13,Belgian Grand Prix,2021-08-29,13:00:00,http://en.wikipedia.org/wiki/2021_Belgian_Grand_Prix
1048,1064,2021,13,39,Dutch Grand Prix,2021-09-05,13:00:00,http://en.wikipedia.org/wiki/2021_Dutch_Grand_Prix
1049,1065,2021,14,14,Italian Grand Prix,2021-09-12,13:00:00,http://en.wikipedia.org/wiki/2021_Italiian_Grand_Prix
1050,1066,2021,15,71,Russian Grand Prix,2021-09-26,12:00:00,http://en.wikipedia.org/wiki/2021_Russian_Grand_Prix
1051,1067,2021,16,15,Singapore Grand Prix,2021-10-03,12:00:00,http://en.wikipedia.org/wiki/2021_Singapore_Grand_Prix
1052,1068,2021,17,22,Japanese Grand Prix,2021-10-10,05:00:00,http://en.wikipedia.org/wiki/2021_Japanese_Grand_Prix
1053,1069,2021,18,69,United States Grand Prix,2021-10-24,19:00:00,http://en.wikipedia.org/wiki/2021_United_States_Grand_Prix
1054,1070,2021,19,32,Mexico City Grand Prix,2021-10-31,19:00:00,http://en.wikipedia.org/wiki/2021_Mexican_Grand_Prix
1055,1071,2021,20,18,Brazilian Grand Prix,2021-11-07,17:00:00,http://en.wikipedia.org/wiki/2021_Brazilian_Grand_Prix
1056,1072,2021,22,77,Saudi Arabian Grand Prix,2021-12-05,16:00:00,http://en.wikipedia.org/wiki/2021_Saudi_Arabian_Grand_Prix
1057,1073,2021,23,24,Abu Dhabi Grand Prix,2021-12-12,13:00:00,http://en.wikipedia.org/wiki/2021_Abu_Dhabi_Grand_Prix
